,0
0,aaron
1,abandon
2,abandoned
3,abdalla
4,abdiwahab
5,abducted
6,abdul
7,abdullah
8,abgadam
9,abhors
10,abide
11,ability
12,ablaze
13,abortion
14,abortions
15,absurd
16,abuses
17,abyei
18,academy
19,accelerate
20,accepted
21,access
22,accessing
23,accompanying
24,accord
25,accords
26,accountability
27,accountable
28,accounts
29,accusations
30,accused
31,accusing
32,acknowledge
33,acknowledged
34,acled
35,acres
36,acronym
37,action
38,actively
39,activism
40,activists
41,activity
42,actors
43,actress
44,acts
45,acute
46,adam
47,adding
48,addition
49,additionally
50,address
51,addressing
52,adds
53,aden
54,adf
55,adjudicating
56,administer
57,administering
58,administration
59,administrations
60,adolescent
61,adopts
62,adults
63,advance
64,advanced
65,advances
66,adviser
67,advisers
68,advocacy
69,advocates
70,aerial
71,affect
72,affiliated
73,affiliates
74,affleck
75,afghan
76,afghanistan
77,afp
78,africa
79,african
80,aftermath
81,afternoon
82,age
83,agence
84,agency
85,agenda
86,agents
87,aggression
88,aggressively
89,aggressor
90,agoa
91,agree
92,agreement
93,ahmed
94,aid
95,aimed
96,aiming
97,aims
98,air
99,aircraft
100,airport
101,airways
102,al
103,alarming
104,albeit
105,alcohol
106,alien
107,aligned
108,allegations
109,alleged
110,allegedly
111,allies
112,allow
113,ally
114,allying
115,alter
116,alternatively
117,amanpour
118,ambassador
119,ambitions
120,ambushed
121,america
122,american
123,americans
124,ammunition
125,amnesty
126,amos
127,analyses
128,analysis
129,analyst
130,analysts
131,analyze
132,analyzed
133,anarchy
134,ancestral
135,andrew
136,angeles
137,angelina
138,anger
139,anglicans
140,anglophone
141,angola
142,annan
143,announced
144,announcing
145,annual
146,annulled
147,anthem
148,anthony
149,anthropologists
150,antidote
151,antonio
152,ap
153,api
154,appeal
155,appealed
156,appeared
157,appears
158,application
159,approach
160,april
161,arab
162,arabia
163,arabs
164,argentina
165,argued
166,arguing
167,arid
168,arkansas
169,armed
170,armenians
171,army
172,arose
173,array
174,arrest
175,arrested
176,arrests
177,arrives
178,arriving
179,arrogance
180,article
181,asia
182,asian
183,aspect
184,aspirations
185,assad
186,assassinated
187,assaults
188,assembly
189,assert
190,assertive
191,assets
192,association
193,asylum
194,athletes
195,atrocities
196,attack
197,attackers
198,attacking
199,attempt
200,attempts
201,attention
202,attorney
203,attributable
204,attribute
205,au
206,audits
207,aug
208,august
209,auma
210,australia
211,authored
212,authoritarian
213,authorities
214,authorization
215,authorizing
216,avengers
217,average
218,avoid
219,avoidance
220,avoiding
221,awaited
222,awarded
223,awards
224,aware
225,babies
226,back
227,backdrop
228,backers
229,backlash
230,bad
231,bahrain
232,balkans
233,ballot
234,baltimore
235,bambari
236,bangladesh
237,bangui
238,bank
239,banning
240,barack
241,barbaric
242,barred
243,based
244,bashar
245,bashir
246,battles
247,battling
248,bauma
249,bayanga
250,bazaar
251,beaten
252,began
253,begets
254,begin
255,begira
256,behavior
257,behind
258,beijing
259,beirut
260,bekele
261,belgian
262,belgians
263,belgium
264,believed
265,believers
266,believes
267,believing
268,belonged
269,bemba
270,ben
271,benefited
272,beni
273,benjamin
274,bensouda
275,benue
276,berman
277,beto
278,betrayal
279,biden
280,big
281,biggest
282,bill
283,billion
284,bin
285,bipartisan
286,bishop
287,bishops
288,black
289,blacks
290,blame
291,blamed
292,blaming
293,blocked
294,blocking
295,blogs
296,bloodbath
297,bloodshed
298,bloody
299,board
300,body
301,boehner
302,boko
303,bold
304,bolster
305,bombardments
306,bombing
307,bombings
308,book
309,booming
310,boost
311,bor
312,border
313,bordering
314,borders
315,born
316,borne
317,bosco
318,bosnia
319,bosnian
320,bossangoa
321,bouckaert
322,boulder
323,boundaries
324,boxes
325,boy
326,boycott
327,bozize
328,branded
329,brazil
330,brazilian
331,break
332,breakdown
333,breaks
334,brennan
335,bribery
336,briefing
337,brigade
338,bring
339,bringing
340,brink
341,britain
342,british
343,broadcast
344,broader
345,brokered
346,brooklyn
347,brotherhood
348,brothers
349,brought
350,brown
351,brutality
352,buddhists
353,build
354,building
355,bukavu
356,bulgarians
357,bullying
358,burgeoning
359,burkina
360,burma
361,burundi
362,burundian
363,bush
364,bushes
365,business
366,businessman
367,cabinet
368,cairo
369,calculations
370,calibri
371,california
372,called
373,calling
374,callous
375,cambodia
376,cameron
377,cameroon
378,cameroonian
379,camille
380,camp
381,campaign
382,camps
383,canada
384,cancel
385,candidate
386,candidates
387,cape
388,capital
389,capitals
390,captain
391,capture
392,captured
393,capturing
394,car
395,cardboard
396,care
397,carnage
398,carolina
399,carrier
400,carrying
401,casting
402,casualties
403,catalyst
404,catalysts
405,catastrophic
406,catherine
407,catholic
408,caused
409,causing
410,caution
411,cease
412,ceasefire
413,celebrate
414,celebrated
415,celebrating
416,celebrations
417,center
418,central
419,centralized
420,centre
421,century
422,ceo
423,ceremony
424,chad
425,chadian
426,chaired
427,chairs
428,challenge
429,challenges
430,chance
431,change
432,chants
433,chapter
434,characterization
435,characters
436,charges
437,charity
438,charles
439,charlottesville
440,chatterjee
441,check
442,checks
443,chemical
444,chicago
445,chief
446,child
447,children
448,chile
449,china
450,chinese
451,chip
452,cholera
453,chris
454,christian
455,christmas
456,chronic
457,cia
458,circulated
459,circumstance
460,citing
461,citizens
462,citizenship
463,city
464,civil
465,civilian
466,civilians
467,claim
468,claiming
469,claims
470,clashes
471,class
472,cleansing
473,clear
474,clerics
475,client
476,climate
477,clinging
478,clinical
479,clinton
480,clooney
481,close
482,closely
483,cndp
484,cnn
485,coalition
486,coast
487,coastal
488,cobalt
489,codes
490,coercion
491,coexisted
492,coexistence
493,cohesion
494,cohesive
495,cold
496,colin
497,collaboration
498,collection
499,collects
500,college
501,colombia
502,color
503,colorado
504,coltan
505,columnist
506,combat
507,combatants
508,combine
509,coming
510,command
511,commanders
512,commemorates
513,commend
514,comment
515,commission
516,commit
517,committed
518,committee
519,committing
520,common
521,communal
522,communist
523,communities
524,comoran
525,company
526,compared
527,comparing
528,complaint
529,complaints
530,complexity
531,complicate
532,complicating
533,comprehensive
534,compromises
535,computers
536,comrade
537,concern
538,concerns
539,conciliatory
540,concluded
541,concludes
542,condemn
543,condemnation
544,condemning
545,conditions
546,conduct
547,conference
548,confidential
549,confirmed
550,conflicts
551,confluence
552,confront
553,confrontation
554,confronted
555,congo
556,congolese
557,congress
558,connected
559,connections
560,conscription
561,consequences
562,conservation
563,conservationists
564,conservative
565,considered
566,considers
567,consistently
568,consolidate
569,consolidation
570,constituents
571,constituted
572,constitutes
573,constitution
574,consultancy
575,consultant
576,consume
577,consumers
578,contend
579,contender
580,contends
581,content
582,contentious
583,contestants
584,contested
585,continent
586,contingent
587,contingents
588,continuation
589,continue
590,continued
591,contributed
592,contributes
593,contributing
594,control
595,controversial
596,convened
597,conversation
598,convicted
599,convictions
600,convincing
601,convoy
602,convoys
603,cooper
604,cooperation
605,coordination
606,coordinator
607,copper
608,cops
609,coronavirus
610,corporation
611,corporations
612,corps
613,correlations
614,cost
615,costa
616,costs
617,council
618,counseling
619,counted
620,counterpart
621,counterterrorism
622,counting
623,country
624,counts
625,county
626,couple
627,coups
628,courageously
629,course
630,court
631,cover
632,covid
633,cpa
634,crackdown
635,crashed
636,create
637,created
638,creates
639,credibility
640,credible
641,credited
642,creeping
643,cries
644,crimea
645,crimes
646,crippling
647,crises
648,critical
649,criticism
650,criticize
651,criticized
652,crocker
653,crops
654,crossfire
655,crossing
656,crowd
657,cuisine
658,culturally
659,culture
660,curbed
661,curbing
662,curfew
663,current
664,cycmanick
665,czech
666,dabanga
667,dadaab
668,daesh
669,dagalo
670,daily
671,dakar
672,dallas
673,damage
674,damaging
675,dangerous
676,dangerously
677,dangers
678,daniel
679,darfur
680,darfuri
681,darfurian
682,dark
683,data
684,daughter
685,david
686,day
687,dayton
688,de
689,deadliest
690,deadly
691,deal
692,dealing
693,deals
694,dealt
695,death
696,deaths
697,debate
698,debates
699,debt
700,decade
701,decades
702,decided
703,decimated
704,decision
705,declare
706,declared
707,declaring
708,declined
709,declining
710,deemed
711,deepening
712,deepest
713,deeply
714,defence
715,defenders
716,defending
717,defense
718,defines
719,definition
720,degrade
721,delaying
722,delegation
723,deliver
724,delivering
725,demand
726,democracies
727,democracy
728,democratic
729,demonstrating
730,demonstrations
731,denied
732,denis
733,denounce
734,densely
735,denver
736,deny
737,denying
738,department
739,departure
740,depicting
741,deploy
742,deployed
743,deposed
744,deputy
745,der
746,derail
747,descended
748,described
749,describes
750,describing
751,designation
752,designer
753,desperate
754,destabilize
755,destabilized
756,destabilizing
757,destroyed
758,destroying
759,destroys
760,destruction
761,details
762,detect
763,detective
764,detention
765,deter
766,deteriorate
767,deteriorating
768,determine
769,devastated
770,devastating
771,developed
772,development
773,devolution
774,dialogue
775,diamonds
776,dictator
777,dictatorship
778,died
779,diffuse
780,dimension
781,dinka
782,diplomacy
783,diplomat
784,diplomatic
785,diplomats
786,direct
787,director
788,disappear
789,disappearance
790,disappearing
791,disarm
792,disarming
793,disaster
794,disasters
795,disclosure
796,discover
797,discovered
798,discrimination
799,discuss
800,discusses
801,discussions
802,disease
803,diseases
804,disgrace
805,disintegrated
806,disorder
807,dispatching
808,disperse
809,dispersed
810,displaced
811,disproportionate
812,dispute
813,disputed
814,disputes
815,disrupted
816,disruption
817,distorted
818,district
819,divisions
820,djibouti
821,djotodia
822,doctor
823,documented
824,doggy
825,doha
826,dollars
827,domestic
828,dominance
829,domination
830,donald
831,donated
832,donation
833,donors
834,doubled
835,doubling
836,down
837,download
838,downsizing
839,dozens
840,dr
841,dragged
842,dramatically
843,draws
844,drc
845,dreams
846,driven
847,drivers
848,drone
849,drones
850,dropped
851,drought
852,drug
853,drum
854,dubbed
855,duke
856,dukhan
857,durable
858,duty
859,dynamics
860,dysfunctional
861,earlier
862,early
863,earth
864,earthquake
865,east
866,eastern
867,ebbed
868,ebola
869,echoes
870,economic
871,economies
872,economy
873,ecuador
874,ed
875,edith
876,education
877,effects
878,effort
879,efforts
880,egypt
881,egyptian
882,el
883,elders
884,election
885,elections
886,electoral
887,elements
888,elephant
889,elephants
890,eligibility
891,elusive
892,embargo
893,embassies
894,embattled
895,emboldening
896,embrace
897,embroiled
898,embroiling
899,emerge
900,emergency
901,emerging
902,emotional
903,emotions
904,empires
905,employ
906,employers
907,empower
908,empowered
909,empowerment
910,enabled
911,encompasses
912,encouraged
913,encouraging
914,end
915,endemic
916,endorse
917,endured
918,enduring
919,enemy
920,energize
921,enforce
922,enforcement
923,enforcers
924,engage
925,engaged
926,engagement
927,engaging
928,engulfed
929,enhance
930,ensuing
931,ensure
932,entered
933,entity
934,entrepreneurs
935,entry
936,environmental
937,envoy
938,epidemic
939,episcopal
940,episode
941,equal
942,equality
943,equipment
944,era
945,eradicate
946,eric
947,eritrea
948,erupted
949,escalated
950,escalating
951,escaping
952,established
953,establishment
954,estimated
955,estrenos
956,ethiopia
957,ethnic
958,eu
959,europe
960,european
961,evacuation
962,event
963,events
964,eventually
965,everyday
966,evidence
967,exacerbated
968,examining
969,exceeded
970,excepting
971,exceptional
972,excluding
973,executed
974,executive
975,exhaustion
976,exiles
977,exit
978,expected
979,expedient
980,expels
981,experience
982,experiencing
983,experts
984,expires
985,explain
986,exploded
987,exploitation
988,exploited
989,exploits
990,exploring
991,explosion
992,explosions
993,explosive
994,export
995,exporters
996,exposes
997,exposure
998,expressed
999,expresses
1000,expulsion
1001,extends
1002,extensively
1003,extent
1004,externally
1005,extortion
1006,extraction
1007,extrajudicial
1008,extraordinarily
1009,extremism
1010,extremists
1011,eyewitnesses
1012,face
1013,facebook
1014,facilitate
1015,facility
1016,facing
1017,fact
1018,faction
1019,factions
1020,failing
1021,fairly
1022,faiths
1023,fall
1024,falling
1025,falls
1026,false
1027,families
1028,family
1029,famine
1030,fanned
1031,far
1032,farc
1033,fardc
1034,fared
1035,farmers
1036,farming
1037,farrow
1038,fascist
1039,fasher
1040,fashionable
1041,faso
1042,faster
1043,fatal
1044,fatalities
1045,fatality
1046,father
1047,favor
1048,favours
1049,fbi
1050,fdlr
1051,fear
1052,feared
1053,fearing
1054,featurettes
1055,february
1056,fed
1057,federal
1058,federation
1059,feeding
1060,feel
1061,feeling
1062,fellow
1063,felt
1064,female
1065,fester
1066,fever
1067,few
1068,fiance
1069,field
1070,fight
1071,fighter
1072,fighters
1073,figure
1074,filed
1075,film
1076,final
1077,financial
1078,finding
1079,fire
1080,fired
1081,firefight
1082,flag
1083,flames
1084,flare
1085,flared
1086,fleeing
1087,flights
1088,flooding
1089,flown
1090,flows
1091,floyd
1092,focus
1093,focused
1094,followed
1095,following
1096,fomenting
1097,forces
1098,forcibly
1099,forcing
1100,forefront
1101,foreign
1102,foreigner
1103,foreigners
1104,forestalling
1105,forged
1106,forgotten
1107,form
1108,former
1109,foster
1110,fostered
1111,fought
1112,found
1113,foundation
1114,founder
1115,founding
1116,fractured
1117,fragile
1118,fragmented
1119,framework
1120,france
1121,francis
1122,francisco
1123,francois
1124,francophone
1125,fraud
1126,free
1127,freedom
1128,freelance
1129,freely
1130,freezes
1131,french
1132,friday
1133,friend
1134,front
1135,fronts
1136,fruits
1137,frustration
1138,fuel
1139,fueled
1140,fueling
1141,fuelling
1142,fulfilling
1143,functioning
1144,fundamentalist
1145,fundamentally
1146,funded
1147,funding
1148,fur
1149,future
1150,gaining
1151,galactic
1152,galaxy
1153,game
1154,games
1155,gandhi
1156,gang
1157,gangs
1158,garner
1159,garrettsimpson
1160,gas
1161,gassed
1162,gate
1163,gatkuoth
1164,gays
1165,gaza
1166,gbagbo
1167,gbv
1168,gender
1169,generals
1170,generate
1171,generated
1172,generations
1173,geneva
1174,genitals
1175,geographic
1176,geopolitical
1177,george
1178,georgetown
1179,german
1180,germany
1181,getty
1182,ghana
1183,girl
1184,giselleevns
1185,glimpse
1186,global
1187,globe
1188,gloria
1189,goal
1190,goals
1191,god
1192,golo
1193,goma
1194,gombo
1195,good
1196,goodwill
1197,gorillas
1198,gov
1199,governance
1200,government
1201,grabs
1202,graft
1203,grandmother
1204,gration
1205,grazing
1206,great
1207,greater
1208,greece
1209,green
1210,grenade
1211,grievances
1212,grim
1213,gripped
1214,ground
1215,group
1216,groups
1217,growing
1218,guarantee
1219,guaranteed
1220,guard
1221,guarded
1222,guardian
1223,guardians
1224,guatemala
1225,guides
1226,gulf
1227,gun
1228,gunfire
1229,gunmen
1230,guterres
1231,guy
1232,hague
1233,hail
1234,haiti
1235,hakeem
1236,halt
1237,hamas
1238,hamdan
1239,hamdok
1240,hammond
1241,hampers
1242,handful
1243,handle
1244,hands
1245,happened
1246,haram
1247,harassment
1248,hard
1249,harden
1250,hardship
1251,harm
1252,harms
1253,haroun
1254,harrowing
1255,harvard
1256,harvests
1257,hassan
1258,hates
1259,hatred
1260,haunted
1261,hawks
1262,head
1263,headline
1264,headlines
1265,heal
1266,health
1267,heard
1268,hearing
1269,heart
1270,held
1271,helicopter
1272,help
1273,hemedti
1274,henry
1275,herders
1276,hezbollah
1277,hides
1278,high
1279,highest
1280,highlighted
1281,highlights
1282,hike
1283,hillary
1284,hinders
1285,historic
1286,historical
1287,histories
1288,history
1289,hit
1290,hiv
1291,hold
1292,hollande
1293,hollywood
1294,holocaust
1295,holy
1296,homeland
1297,homeless
1298,homelessness
1299,homepage
1300,homes
1301,homophobic
1302,honduras
1303,hong
1304,honor
1305,hope
1306,hopeful
1307,horn
1308,horrific
1309,horrifyingly
1310,horror
1311,horrors
1312,horse
1313,hospital
1314,host
1315,hostage
1316,hosted
1317,hostilities
1318,hostility
1319,hosting
1320,hosts
1321,hotel
1322,hours
1323,house
1324,housed
1325,houthis
1326,howard
1327,hub
1328,huddled
1329,huffington
1330,huge
1331,human
1332,humanitarian
1333,humans
1334,humiliated
1335,hunger
1336,huntington
1337,hussain
1338,hussein
1339,hut
1340,hutu
1341,hutus
1342,hypocritical
1343,ibn
1344,ibrahim
1345,icc
1346,ida
1347,idea
1348,identified
1349,ideology
1350,idp
1351,iep
1352,ignites
1353,ignore
1354,ignored
1355,ii
1356,illegal
1357,illicit
1358,illness
1359,illustrate
1360,illustrates
1361,imagery
1362,images
1363,imams
1364,immediate
1365,immigration
1366,impact
1367,implement
1368,implementing
1369,implication
1370,implies
1371,important
1372,impose
1373,imposed
1374,imposing
1375,imposition
1376,imprisoned
1377,improving
1378,impunity
1379,incentives
1380,incident
1381,incidents
1382,incite
1383,inciting
1384,including
1385,inclusive
1386,increased
1387,increasing
1388,incumbent
1389,incurring
1390,independence
1391,independent
1392,india
1393,indian
1394,indications
1395,indicators
1396,indicted
1397,indigenous
1398,individual
1399,indonesia
1400,industry
1401,ineffective
1402,inequality
1403,infamously
1404,infect
1405,infected
1406,infinity
1407,inflamed
1408,inflict
1409,inflicting
1410,influenced
1411,influx
1412,informal
1413,information
1414,infrastructure
1415,initially
1416,initiatives
1417,injured
1418,injustice
1419,innocents
1420,innovative
1421,inquiry
1422,insecurity
1423,inside
1424,insisting
1425,insists
1426,inspiring
1427,instability
1428,instilling
1429,institute
1430,insurgents
1431,integrated
1432,intel
1433,intellectuals
1434,intelligence
1435,intends
1436,intense
1437,intensified
1438,intensifying
1439,intercommunal
1440,interest
1441,intergroup
1442,interim
1443,intermittent
1444,internally
1445,international
1446,internet
1447,interpret
1448,interrogation
1449,intersection
1450,intervene
1451,intervened
1452,interventionists
1453,interview
1454,intimidate
1455,intimidation
1456,intrigue
1457,introducing
1458,introduction
1459,invasion
1460,invasions
1461,invest
1462,investigate
1463,investigation
1464,investigators
1465,investing
1466,investment
1467,invisible
1468,invitation
1469,invites
1470,invoked
1471,involved
1472,involvement
1473,iran
1474,iranian
1475,iraq
1476,iraqi
1477,irc
1478,isis
1479,islamic
1480,islamist
1481,islamists
1482,island
1483,islands
1484,isolation
1485,israel
1486,israeli
1487,israelis
1488,issue
1489,issues
1490,ituri
1491,ivorians
1492,ivory
1493,jacob
1494,jail
1495,jailed
1496,jakarta
1497,jal
1498,james
1499,janjaweed
1500,japan
1501,japanese
1502,jason
1503,jeannemccarthy
1504,jebel
1505,jeff
1506,jem
1507,jenin
1508,jennings
1509,jesus
1510,jewish
1511,jews
1512,jihadist
1513,jo
1514,jobs
1515,joe
1516,johannesburg
1517,john
1518,joined
1519,jolie
1520,jomo
1521,jonglei
1522,jordan
1523,joseph
1524,journal
1525,journalism
1526,journalists
1527,jr
1528,juba
1529,judge
1530,judokas
1531,june
1532,justice
1533,justify
1534,kabila
1535,kadugli
1536,kagame
1537,kakuma
1538,kampala
1539,karadzic
1540,kasai
1541,kasarani
1542,kashmir
1543,kelly
1544,kenya
1545,kenyan
1546,kenyatta
1547,kerry
1548,key
1549,khartoum
1550,kibera
1551,kidnapped
1552,kidnappings
1553,kids
1554,kigali
1555,kiir
1556,kikuyu
1557,killed
1558,killers
1559,killings
1560,kilometers
1561,kimani
1562,king
1563,kingdom
1564,kinshasa
1565,kisumu
1566,kivu
1567,kobler
1568,kong
1569,kony
1570,kordofan
1571,korea
1572,korean
1573,kosovo
1574,kremlin
1575,kurdish
1576,lack
1577,lacks
1578,laden
1579,laikipia
1580,lakes
1581,lamented
1582,land
1583,landlocked
1584,language
1585,lanzer
1586,laptop
1587,large
1588,largest
1589,lasting
1590,late
1591,latin
1592,launch
1593,launched
1594,launching
1595,laura
1596,laureate
1597,laurent
1598,law
1599,lawless
1600,lawlessness
1601,lawmaker
1602,lawmakers
1603,lawsuit
1604,lawyer
1605,lead
1606,leader
1607,leaders
1608,league
1609,least
1610,leave
1611,leaving
1612,lebanese
1613,lebanon
1614,led
1615,lederer
1616,left
1617,legacies
1618,legacy
1619,legal
1620,legislation
1621,legitimacy
1622,legitimate
1623,leone
1624,lepage
1625,lesser
1626,lessons
1627,letter
1628,levels
1629,leverage
1630,lezhnev
1631,lgbt
1632,liberation
1633,liberia
1634,libya
1635,libyan
1636,life
1637,lifetimes
1638,light
1639,limit
1640,limited
1641,limuli
1642,lines
1643,linfield
1644,lingered
1645,linked
1646,links
1647,list
1648,lit
1649,little
1650,livelihoods
1651,lives
1652,lizadeel
1653,local
1654,locality
1655,locals
1656,located
1657,lockdown
1658,london
1659,long
1660,longtime
1661,looked
1662,looted
1663,looting
1664,lord
1665,los
1666,lose
1667,loss
1668,lost
1669,lot
1670,lou
1671,love
1672,lower
1673,loyal
1674,lra
1675,lull
1676,lumumba
1677,luo
1678,lynch
1679,maasai
1680,mabika
1681,machar
1682,madoff
1683,mahamat
1684,mahmoud
1685,maimed
1686,main
1687,mainstream
1688,maintain
1689,major
1690,makubikwa
1691,mali
1692,malian
1693,mall
1694,malnutrition
1695,man
1696,manageable
1697,management
1698,manager
1699,managing
1700,mandate
1701,mandela
1702,manipulation
1703,mapping
1704,marathon
1705,marathoner
1706,march
1707,marching
1708,marcus
1709,margin
1710,marginalised
1711,marginalization
1712,marginalized
1713,margot
1714,marine
1715,mark
1716,markedly
1717,market
1718,marking
1719,marra
1720,marred
1721,martin
1722,marvel
1723,mass
1724,massacre
1725,massacres
1726,masutha
1727,matos
1728,matter
1729,mau
1730,maurer
1731,mayor
1732,mccain
1733,mea
1734,measles
1735,measures
1736,mechanisms
1737,media
1738,mediating
1739,mediators
1740,medical
1741,meet
1742,meeting
1743,memoir
1744,memorial
1745,memories
1746,mende
1747,mental
1748,mentality
1749,mentions
1750,message
1751,metals
1752,mexico
1753,mia
1754,michael
1755,michel
1756,microsoft
1757,mid
1758,middle
1759,midst
1760,migrants
1761,migration
1762,mike
1763,miles
1764,militant
1765,militants
1766,militaries
1767,military
1768,militiamen
1769,militias
1770,million
1771,mindless
1772,minerals
1773,mining
1774,minister
1775,ministry
1776,minneapolis
1777,minnesota
1778,minorities
1779,minority
1780,minusca
1781,minutes
1782,misconduct
1783,misdemeanor
1784,missile
1785,mission
1786,missions
1787,mistakes
1788,mistrust
1789,mitigate
1790,mlc
1791,mobilized
1792,mobutu
1793,mock
1794,model
1795,moderated
1796,moderates
1797,modern
1798,mogadishu
1799,mohamed
1800,mohammed
1801,moi
1802,mokopane
1803,mole
1804,mombasa
1805,moment
1806,moments
1807,momentum
1808,moms
1809,monday
1810,money
1811,monitor
1812,monitoring
1813,monitors
1814,month
1815,months
1816,monusco
1817,moral
1818,moravcsik
1819,morning
1820,morocco
1821,morphed
1822,mortality
1823,moscow
1824,mosque
1825,mosul
1826,motivated
1827,mountains
1828,mounting
1829,moussa
1830,movement
1831,movie
1832,moving
1833,mozambique
1834,msf
1835,mukwege
1836,muller
1837,multifaceted
1838,multinational
1839,multinationals
1840,municipalities
1841,murad
1842,murdered
1843,murderous
1844,murders
1845,murle
1846,museum
1847,muslim
1848,mwancha
1849,myanmar
1850,nadia
1851,nagy
1852,naimer
1853,nairobi
1854,named
1855,names
1856,nanyuki
1857,nascent
1858,nataruk
1859,nathalia
1860,national
1861,nationalist
1862,nations
1863,nationwide
1864,native
1865,nato
1866,nature
1867,navy
1868,nazis
1869,need
1870,neglect
1871,neglected
1872,negotiate
1873,negotiating
1874,negotiations
1875,neighborhood
1876,neighbors
1877,neighbouring
1878,nelson
1879,network
1880,new
1881,news
1882,nfl
1883,nguesso
1884,niger
1885,nigeria
1886,nigerian
1887,night
1888,nile
1889,nina
1890,nino
1891,nkrumah
1892,nkurunziza
1893,nobel
1894,nomadic
1895,nominal
1896,nominee
1897,nonprofit
1898,nonviolent
1899,north
1900,northeastern
1901,northern
1902,northwest
1903,norway
1904,notably
1905,notes
1906,noting
1907,notorious
1908,novel
1909,november
1910,nuances
1911,nuba
1912,nuclear
1913,nuer
1914,nuers
1915,nur
1916,nurses
1917,ny
1918,nyala
1919,nypd
1920,obama
1921,object
1922,obo
1923,obscures
1924,obscuring
1925,observations
1926,obstacle
1927,ocalan
1928,occupied
1929,occupying
1930,occurred
1931,occurs
1932,odinga
1933,offenses
1934,offensive
1935,offered
1936,offering
1937,officers
1938,officially
1939,officials
1940,oil
1941,oklahoma
1942,olympic
1943,olympics
1944,oman
1945,omar
1946,omer
1947,ongoing
1948,online
1949,open
1950,operation
1951,operations
1952,opinion
1953,opinions
1954,opponents
1955,opportunistic
1956,opportunity
1957,oppose
1958,opposition
1959,oppression
1960,option
1961,options
1962,orange
1963,order
1964,ordinary
1965,organisation
1966,organization
1967,organizing
1968,originating
1969,origins
1970,orphaned
1971,osman
1972,otago
1973,ouattara
1974,oust
1975,ousted
1976,ouster
1977,outburst
1978,outrage
1979,outside
1980,outsiders
1981,outskirts
1982,outspoken
1983,overhaul
1984,overlooked
1985,oversees
1986,oversight
1987,oversimplifying
1988,overthrew
1989,overthrow
1990,overwhelmed
1991,overwhelmingly
1992,owners
1993,package
1994,pact
1995,pakistan
1996,pakistani
1997,palace
1998,palaces
1999,palestinian
2000,palestinians
2001,palin
2002,pandemic
2003,paolakinck
2004,paramilitary
2005,paratroopers
2006,parents
2007,paris
2008,park
2009,parliament
2010,parliamentary
2011,participants
2012,participating
2013,partner
2014,partners
2015,partnership
2016,party
2017,passed
2018,pastoralists
2019,paternal
2020,paul
2021,peace
2022,peacebuilding
2023,peacefully
2024,peacekeepers
2025,peacekeeping
2026,peacemaking
2027,peak
2028,peers
2029,peninsula
2030,pentagon
2031,people
2032,perceived
2033,percent
2034,peril
2035,perils
2036,perished
2037,perpetrated
2038,perpetrators
2039,perpetuate
2040,perpetuated
2041,persecution
2042,persistent
2043,persists
2044,person
2045,personal
2046,personnel
2047,perspective
2048,perversion
2049,peter
2050,petro
2051,petroleum
2052,pg
2053,phase
2054,philip
2055,philippines
2056,philosophers
2057,phones
2058,photo
2059,photograph
2060,photographer
2061,photographers
2062,photography
2063,photojournalist
2064,photos
2065,physical
2066,physician
2067,picture
2068,pierre
2069,piles
2070,pilgrimage
2071,pillage
2072,pilots
2073,pioneering
2074,pitted
2075,pitting
2076,pivotal
2077,pizza
2078,plague
2079,plagued
2080,plan
2081,plane
2082,played
2083,players
2084,playing
2085,pleaded
2086,pledge
2087,pledged
2088,plight
2089,plot
2090,plunge
2091,plunged
2092,poaching
2093,police
2094,policy
2095,political
2096,politically
2097,politicians
2098,poll
2099,polling
2100,pontiff
2101,poor
2102,poorest
2103,pope
2104,popularity
2105,populated
2106,population
2107,populations
2108,poroshenko
2109,portland
2110,portrayals
2111,portrayed
2112,posed
2113,poses
2114,positions
2115,possess
2116,post
2117,posters
2118,postings
2119,postponed
2120,potential
2121,potentially
2122,poverty
2123,powell
2124,power
2125,practice
2126,practiced
2127,praised
2128,prayer
2129,prays
2130,preached
2131,preachers
2132,preceded
2133,precedent
2134,precipitate
2135,preconditions
2136,predict
2137,predictable
2138,predicted
2139,predominantly
2140,pregnancy
2141,premier
2142,premise
2143,prendergast
2144,prepare
2145,prepares
2146,pres
2147,presence
2148,presidency
2149,president
2150,presidential
2151,press
2152,pressure
2153,pretend
2154,pretending
2155,pretends
2156,pretty
2157,prevails
2158,prevalence
2159,prevent
2160,preventing
2161,previous
2162,price
2163,prices
2164,prime
2165,prince
2166,print
2167,priorities
2168,prison
2169,prisons
2170,private
2171,probe
2172,probes
2173,problems
2174,proceed
2175,process
2176,produce
2177,producer
2178,product
2179,production
2180,professional
2181,professor
2182,profiled
2183,profitable
2184,profiteered
2185,program
2186,programme
2187,programs
2188,progress
2189,progressive
2190,project
2191,prolonged
2192,prominent
2193,promise
2194,promised
2195,promote
2196,promoted
2197,promoting
2198,prompted
2199,prompting
2200,prone
2201,prop
2202,propaganda
2203,propane
2204,proportional
2205,proposal
2206,proposed
2207,prosecute
2208,prosecuting
2209,prosecution
2210,prosecutor
2211,prosecutors
2212,prospect
2213,prosperity
2214,protect
2215,protecting
2216,protesters
2217,protests
2218,protracted
2219,proved
2220,proven
2221,proverb
2222,provide
2223,providers
2224,province
2225,provinces
2226,provocations
2227,provoking
2228,proxy
2229,psychological
2230,pt
2231,public
2232,publically
2233,publications
2234,published
2235,punished
2236,punishing
2237,punishment
2238,pursue
2239,pursuing
2240,push
2241,pushed
2242,putin
2243,qaddafi
2244,qaeda
2245,qatar
2246,qualifies
2247,quang
2248,quebec
2249,quell
2250,question
2251,questions
2252,quickly
2253,quiet
2254,quotes
2255,race
2256,racial
2257,racism
2258,racist
2259,radio
2260,radovan
2261,raged
2262,rages
2263,raging
2264,raided
2265,raids
2266,raila
2267,rainfall
2268,rains
2269,raises
2270,raising
2271,rakhine
2272,rallies
2273,rally
2274,randolph
2275,random
2276,range
2277,rangers
2278,ranging
2279,ranked
2280,rapidly
2281,rate
2282,rates
2283,ravaged
2284,ray
2285,reached
2286,reaction
2287,read
2288,ready
2289,real
2290,reason
2291,reasons
2292,rebellion
2293,rebellious
2294,rebels
2295,rebuild
2296,received
2297,recession
2298,recognized
2299,reconciliation
2300,reconstruction
2301,record
2302,recruit
2303,recruited
2304,recruitment
2305,recurrent
2306,red
2307,redirected
2308,reduce
2309,reelected
2310,reeves
2311,reference
2312,references
2313,referendum
2314,referring
2315,reflected
2316,reflecting
2317,reflections
2318,reforms
2319,refuge
2320,refugee
2321,refugees
2322,refusal
2323,refuse
2324,refused
2325,refusing
2326,regarded
2327,regime
2328,regimes
2329,region
2330,regular
2331,regulate
2332,regulation
2333,reignited
2334,rein
2335,reinforced
2336,reject
2337,rejected
2338,relations
2339,relationships
2340,release
2341,released
2342,relentless
2343,relief
2344,religious
2345,reluctant
2346,rely
2347,remain
2348,remembered
2349,reminded
2350,reminder
2351,remote
2352,removal
2353,remove
2354,renewed
2355,renounce
2356,rep
2357,reparations
2358,repatriation
2359,repeatedly
2360,repeating
2361,repels
2362,report
2363,reportedly
2364,reporting
2365,represented
2366,repressed
2367,repression
2368,reprisals
2369,reproductive
2370,republic
2371,republican
2372,republicans
2373,requested
2374,requesting
2375,requests
2376,requirement
2377,requires
2378,requiring
2379,rerun
2380,rescue
2381,research
2382,researcher
2383,researchers
2384,resentment
2385,resettle
2386,resettlement
2387,residents
2388,resign
2389,resigned
2390,resiliency
2391,resilient
2392,resistance
2393,resolution
2394,resolutions
2395,resolve
2396,resort
2397,resources
2398,respected
2399,respond
2400,responders
2401,response
2402,restore
2403,restored
2404,restraining
2405,restraint
2406,restrictions
2407,result
2408,resume
2409,resumption
2410,retains
2411,retaliation
2412,retaliations
2413,retaliatory
2414,retired
2415,return
2416,reuters
2417,revealed
2418,revenge
2419,revenue
2420,reverse
2421,reversed
2422,review
2423,reviewed
2424,reviewing
2425,revised
2426,revolutionary
2427,rhetoric
2428,rica
2429,rice
2430,richard
2431,riek
2432,rift
2433,rights
2434,rioting
2435,ripe
2436,rise
2437,risen
2438,risk
2439,risks
2440,rival
2441,rivalries
2442,rivals
2443,riven
2444,road
2445,roam
2446,robbery
2447,robert
2448,robin
2449,rocked
2450,rocket
2451,rohingya
2452,roiled
2453,role
2454,roma
2455,rome
2456,ronan
2457,rooted
2458,rotation
2459,rounds
2460,route
2461,rsf
2462,rubaya
2463,rules
2464,rumors
2465,runners
2466,running
2467,runoff
2468,russia
2469,russian
2470,russians
2471,ruthless
2472,ruto
2473,rwanda
2474,rwandan
2475,saa
2476,sadness
2477,safaricom
2478,safe
2479,safeguard
2480,safety
2481,sahel
2482,saint
2483,sakharov
2484,sales
2485,salva
2486,salvador
2487,samantha
2488,samuel
2489,san
2490,sanctions
2491,sanders
2492,sarah
2493,sartorialist
2494,sassou
2495,sat
2496,satellite
2497,satisfies
2498,saturday
2499,saudi
2500,save
2501,sawyer
2502,scarcity
2503,scared
2504,scarred
2505,scene
2506,scenes
2507,scholars
2508,school
2509,schools
2510,science
2511,scientific
2512,scientist
2513,scientists
2514,scores
2515,scotland
2516,scott
2517,scouts
2518,screen
2519,sea
2520,search
2521,searches
2522,season
2523,sec
2524,secede
2525,secession
2526,secret
2527,secretary
2528,secretly
2529,sect
2530,sectarian
2531,sector
2532,security
2533,seeking
2534,seeks
2535,seemingly
2536,seize
2537,seleka
2538,selling
2539,sells
2540,sen
2541,senate
2542,sending
2543,senegal
2544,senior
2545,sense
2546,senseless
2547,sensitization
2548,sentence
2549,sentences
2550,sentry
2551,separating
2552,separation
2553,separatist
2554,separatists
2555,sept
2556,september
2557,serb
2558,series
2559,serious
2560,served
2561,service
2562,session
2563,sessions
2564,set
2565,setback
2566,settings
2567,settlements
2568,severe
2569,severely
2570,sex
2571,sexual
2572,sexualized
2573,shabaab
2574,shabab
2575,shacks
2576,shadow
2577,shake
2578,shaky
2579,shalgam
2580,share
2581,sharp
2582,shattered
2583,shed
2584,sheikh
2585,sheldrick
2586,shelling
2587,sherrod
2588,shield
2589,shift
2590,shifting
2591,shiite
2592,ship
2593,ships
2594,shock
2595,shocked
2596,shocking
2597,shooting
2598,shootings
2599,shops
2600,short
2601,shortages
2602,shot
2603,shower
2604,shrines
2605,shut
2606,sickness
2607,siddharth
2608,sierra
2609,sifton
2610,signaled
2611,significantly
2612,signs
2613,simmering
2614,simple
2615,simultaneously
2616,single
2617,sinjar
2618,sites
2619,sits
2620,situation
2621,sixth
2622,skeletons
2623,skirmishes
2624,skull
2625,slaughter
2626,slaughtered
2627,slavery
2628,sleeping
2629,slogan
2630,slow
2631,slum
2632,small
2633,smelter
2634,smith
2635,smolders
2636,smuggling
2637,snyder
2638,so
2639,soccer
2640,social
2641,socialist
2642,society
2643,softening
2644,software
2645,soldiers
2646,solidarity
2647,solidified
2648,solutions
2649,solve
2650,somali
2651,somalia
2652,son
2653,song
2654,sons
2655,sources
2656,sourcing
2657,south
2658,southeast
2659,southeastern
2660,southern
2661,southwest
2662,soviet
2663,sow
2664,sp
2665,space
2666,spain
2667,span
2668,spanish
2669,spared
2670,spark
2671,sparked
2672,sparking
2673,speak
2674,speaking
2675,speaks
2676,special
2677,speech
2678,spend
2679,spent
2680,spielberg
2681,spies
2682,spike
2683,spill
2684,spilling
2685,spillover
2686,spills
2687,spiral
2688,spiralling
2689,spitzer
2690,split
2691,spokesman
2692,spokesperson
2693,sponsors
2694,sponsorship
2695,spontaneous
2696,sport
2697,spotlight
2698,sprawling
2699,spread
2700,spreading
2701,spring
2702,spurred
2703,sri
2704,stability
2705,stadiums
2706,staff
2707,stage
2708,stain
2709,stake
2710,stakes
2711,stalemate
2712,stance
2713,stand
2714,standard
2715,standards
2716,standoff
2717,stands
2718,stanmeyer
2719,star
2720,start
2721,started
2722,starvation
2723,statement
2724,statesmen
2725,station
2726,stationed
2727,status
2728,stave
2729,stay
2730,stemming
2731,step
2732,stephane
2733,stepped
2734,stigma
2735,stigmatized
2736,stoked
2737,stoking
2738,stopping
2739,stops
2740,stores
2741,story
2742,strategist
2743,streaming
2744,street
2745,strength
2746,strengthen
2747,strengthening
2748,strengthens
2749,stress
2750,strike
2751,strikes
2752,strong
2753,stronghold
2754,struggle
2755,struggled
2756,students
2757,studies
2758,study
2759,subgroup
2760,subsidies
2761,substance
2762,suburbs
2763,succeed
2764,success
2765,successful
2766,successor
2767,sucked
2768,sudan
2769,sudanese
2770,suffered
2771,sufi
2772,suggested
2773,suggesting
2774,suggests
2775,suicide
2776,summer
2777,summit
2778,summoned
2779,sunday
2780,sunni
2781,sunny
2782,supplemented
2783,supplier
2784,supply
2785,support
2786,supporters
2787,supposed
2788,suppression
2789,supremacist
2790,supremacists
2791,supremacy
2792,supreme
2793,surge
2794,surged
2795,surges
2796,surpassed
2797,surprise
2798,surrendered
2799,surrounding
2800,survived
2801,survivor
2802,survivors
2803,susan
2804,susie
2805,suspected
2806,suspects
2807,suspended
2808,suspension
2809,sustainable
2810,sustained
2811,swallowing
2812,swath
2813,sweeping
2814,swiftly
2815,swimmers
2816,symbolic
2817,syria
2818,syrian
2819,system
2820,systematic
2821,systemic
2822,table
2823,tackle
2824,tackling
2825,tactic
2826,tactics
2827,tajikistan
2828,takes
2829,taliban
2830,talk
2831,talks
2832,tally
2833,tana
2834,tank
2835,tanker
2836,tanks
2837,tantalum
2838,tanzania
2839,tape
2840,taps
2841,target
2842,targeted
2843,targets
2844,tarnished
2845,tarpaulins
2846,tatters
2847,tavares
2848,tawiri
2849,tax
2850,taxi
2851,taylor
2852,tcc
2853,tea
2854,team
2855,teamed
2856,tear
2857,technologies
2858,technology
2859,teen
2860,teenage
2861,teenagers
2862,teetered
2863,television
2864,televisions
2865,tells
2866,temperature
2867,template
2868,tenor
2869,tens
2870,tense
2871,tensions
2872,tenure
2873,termination
2874,terms
2875,terrible
2876,territories
2877,territory
2878,terrorist
2879,terrorists
2880,test
2881,testament
2882,testing
2883,texas
2884,text
2885,thanks
2886,tharu
2887,theatres
2888,theft
2889,themes
2890,therapies
2891,thibaud
2892,thief
2893,thierry
2894,think
2895,thirst
2896,thomas
2897,thomson
2898,thornier
2899,thought
2900,thousands
2901,threat
2902,threaten
2903,threatened
2904,threatens
2905,threats
2906,thrive
2907,thrives
2908,throats
2909,throne
2910,thugs
2911,thursday
2912,tiangaye
2913,ticks
2914,ties
2915,tigray
2916,tim
2917,time
2918,timing
2919,tin
2920,title
2921,tiv
2922,told
2923,tolerance
2924,tolerate
2925,toll
2926,tongues
2927,topic
2928,topics
2929,toppled
2930,torrent
2931,torture
2932,total
2933,totally
2934,touched
2935,touches
2936,tourism
2937,tourists
2938,touted
2939,town
2940,toxic
2941,traces
2942,tracing
2943,track
2944,tracked
2945,tracker
2946,tracking
2947,tracks
2948,trade
2949,traditional
2950,trafficked
2951,trafficking
2952,tragedies
2953,tragic
2954,tragically
2955,training
2956,trains
2957,trait
2958,transactions
2959,transform
2960,transformed
2961,transit
2962,transitional
2963,transmitted
2964,transnational
2965,transparent
2966,transport
2967,trapped
2968,trappings
2969,trauma
2970,travel
2971,traveling
2972,treasury
2973,treated
2974,treating
2975,treatment
2976,treaty
2977,tree
2978,trenches
2979,trend
2980,trial
2981,tribal
2982,tribe
2983,tribes
2984,tribeswomen
2985,tribunal
2986,tribute
2987,triggered
2988,triggering
2989,trillion
2990,trillions
2991,trip
2992,triumphant
2993,troops
2994,trouble
2995,troubled
2996,truce
2997,truckload
2998,trump
2999,trust
3000,trusteeships
3001,truth
3002,trypanosomiasis
3003,tshisekedi
3004,tso
3005,tuesday
3006,tungsten
3007,tunisia
3008,tunnel
3009,turkey
3010,turkish
3011,turmoil
3012,turnbull
3013,turned
3014,tutsi
3015,tutsis
3016,tv
3017,tweeted
3018,tweetstorm
3019,twin
3020,twist
3021,twitter
3022,type
3023,typhoon
3024,typically
3025,uae
3026,ueles
3027,ufr
3028,uganda
3029,ugandan
3030,ugarte
3031,uhuru
3032,uk
3033,ukraine
3034,ukrainian
3035,ulfelder
3036,ultimately
3037,umbrella
3038,un
3039,unabated
3040,unacceptable
3041,unama
3042,unamid
3043,unanimously
3044,unarmed
3045,uncertainty
3046,unchanged
3047,uncompromising
3048,unconfirmed
3049,unconnected
3050,unconventional
3051,uncover
3052,uncritical
3053,undecided
3054,undercut
3055,underestimated
3056,underfunded
3057,underlined
3058,undermine
3059,undermined
3060,undermines
3061,underscore
3062,underscores
3063,undersecretary
3064,understand
3065,understandably
3066,understands
3067,understatement
3068,undertaking
3069,underway
3070,undo
3071,undone
3072,undp
3073,unearthed
3074,unemployment
3075,unequal
3076,unequivocal
3077,unexploited
3078,unfettered
3079,unfolded
3080,unfpa
3081,ungoverned
3082,unhcr
3083,unheeded
3084,unicef
3085,unified
3086,uniforms
3087,unimaginable
3088,unintended
3089,union
3090,unison
3091,united
3092,university
3093,unknowns
3094,unlawful
3095,unlawfully
3096,unleash
3097,unleashed
3098,unleashing
3099,unlikely
3100,unlocked
3101,unmiss
3102,unnecessary
3103,unofficially
3104,unpopular
3105,unprecedented
3106,unprotected
3107,unpunished
3108,unravel
3109,unraveled
3110,unraveling
3111,unrealistic
3112,unreasonable
3113,unrecognized
3114,unregulated
3115,unrelenting
3116,unreported
3117,unresolved
3118,unrest
3119,unseen
3120,unspeakable
3121,unspoken
3122,unstable
3123,unsure
3124,untenable
3125,untold
3126,untouched
3127,unusual
3128,unverified
3129,unwilling
3130,unwinnable
3131,upc
3132,upcoming
3133,updated
3134,upending
3135,uprising
3136,uprisings
3137,uprooted
3138,upsurge
3139,uptick
3140,upticks
3141,uranium
3142,urban
3143,urbanisation
3144,urethral
3145,urged
3146,urgency
3147,urgently
3148,urges
3149,urging
3150,usa
3151,usaid
3152,uscirf
3153,users
3154,usher
3155,ushering
3156,usip
3157,utilized
3158,uwiringiyimana
3159,va
3160,vaccination
3161,vaccine
3162,vacuum
3163,vagina
3164,vain
3165,valentines
3166,valentino
3167,valerie
3168,validation
3169,values
3170,van
3171,vanished
3172,vantage
3173,variant
3174,varieties
3175,vatican
3176,veers
3177,vegas
3178,vegetables
3179,vehemently
3180,vehicle
3181,venezuela
3182,vengeance
3183,vengeful
3184,ventured
3185,verdict
3186,verdicts
3187,verge
3188,verified
3189,version
3190,versions
3191,vested
3192,vestiges
3193,veterans
3194,veterinarians
3195,veto
3196,vetoed
3197,viability
3198,vibrant
3199,vice
3200,vicente
3201,vicious
3202,victims
3203,victoria
3204,victors
3205,victory
3206,video
3207,vied
3208,vietcong
3209,vietnam
3210,vietnamese
3211,view
3212,viewer
3213,vigilante
3214,vigorously
3215,vii
3216,viktor
3217,vile
3218,village
3219,villagers
3220,villages
3221,violating
3222,violations
3223,viral
3224,vircoulon
3225,virgin
3226,virginia
3227,virtually
3228,virtues
3229,virtuous
3230,virunga
3231,virus
3232,viscous
3233,visibly
3234,vision
3235,visions
3236,visit
3237,visits
3238,vista
3239,vitaly
3240,vitter
3241,voa
3242,vocal
3243,voiced
3244,voices
3245,volatile
3246,volcanic
3247,volkswagen
3248,voll
3249,voluntarily
3250,volunteer
3251,volunteering
3252,von
3253,vote
3254,voter
3255,voters
3256,voting
3257,vouchers
3258,vowed
3259,vows
3260,vox
3261,voyages
3262,voyemade
3263,vs
3264,vulnerable
3265,waayaha
3266,wad
3267,waged
3268,waging
3269,wagner
3270,wahid
3271,wahiye
3272,wait
3273,walikale
3274,walk
3275,walker
3276,walks
3277,wall
3278,wallstrom
3279,wambach
3280,wanders
3281,wane
3282,wanes
3283,wang
3284,waning
3285,ward
3286,wares
3287,warfare
3288,warlord
3289,warlords
3290,warm
3291,warming
3292,warn
3293,warned
3294,warner
3295,warning
3296,warnings
3297,warnock
3298,warps
3299,warrant
3300,warren
3301,warriors
3302,wars
3303,warsaw
3304,wartime
3305,wary
3306,washington
3307,waste
3308,watchdog
3309,watching
3310,water
3311,wathi
3312,watkins
3313,watts
3314,wave
3315,weaken
3316,wealth
3317,wealthiest
3318,wealthy
3319,weaning
3320,weaponry
3321,weapons
3322,weary
3323,weathers
3324,weaves
3325,website
3326,wedged
3327,wednesday
3328,weed
3329,week
3330,weekend
3331,weeklong
3332,weigh
3333,weighed
3334,weighing
3335,weiner
3336,weiss
3337,welcome
3338,welcomed
3339,welcomes
3340,wen
3341,west
3342,western
3343,westgate
3344,westwards
3345,weyne
3346,wfp
3347,wheelchair
3348,whip
3349,whirlwind
3350,whistleblower
3351,white
3352,whites
3353,whitewashed
3354,whooooo
3355,wide
3356,widening
3357,wider
3358,widespread
3359,wielding
3360,wields
3361,wild
3362,wildfires
3363,wilfully
3364,william
3365,williams
3366,willie
3367,willingly
3368,willingness
3369,wilson
3370,winnefeld
3371,winner
3372,winners
3373,winning
3374,wins
3375,winston
3376,winwright
3377,wipe
3378,wisconsin
3379,wish
3380,wishing
3381,witch
3382,witchcraft
3383,withdraw
3384,withdrawal
3385,withdrawn
3386,withdrew
3387,witnessed
3388,witnesses
3389,witney
3390,wolf
3391,woman
3392,women
3393,won
3394,wonder
3395,wonders
3396,wont
3397,woog
3398,words
3399,work
3400,workers
3401,workings
3402,workshops
3403,world
3404,worldwide
3405,worry
3406,worrying
3407,worsened
3408,worsening
3409,worsens
3410,worst
3411,wounded
3412,wounding
3413,wrack
3414,wracked
3415,wrangham
3416,wrap
3417,wrath
3418,wreak
3419,wrecked
3420,wrested
3421,wrestle
3422,wrestling
3423,wright
3424,wringing
3425,wrists
3426,writer
3427,writes
3428,writing
3429,written
3430,wrong
3431,wrongly
3432,wrote
3433,wrought
3434,wuyi
3435,xamar
3436,xenophobia
3437,xenophobic
3438,xv
3439,yabi
3440,yahoo
3441,yale
3442,yamagata
3443,yanukovych
3444,yasin
3445,yateras
3446,yaw
3447,yazidi
3448,yazidis
3449,yearbook
3450,yearning
3451,yekatom
3452,yemen
3453,yemenis
3454,yeshiva
3455,yida
3456,yielded
3457,yolande
3458,yom
3459,york
3460,young
3461,yousafzai
3462,yousef
3463,youth
3464,youths
3465,yoweri
3466,yugoslavia
3467,yummy
3468,yves
3469,zachary
3470,zaghawa
3471,zahir
3472,zainelabdin
3473,zaire
3474,zakaria
3475,zalingei
3476,zambia
3477,zamzam
3478,zar
3479,zarabozo
3480,zealand
3481,zeid
3482,zerrougui
3483,ziemer
3484,zimbabwe
3485,zinni
3486,zolotarev
3487,zone
3488,zones
3489,zuber
3490,zuma
3491,zwelithini
